1	フシギダネ	Bulbasaur	GRASS	POISON	128	118	111	1115	40	113	105	99	11187
2	フシギソウ	Ivysaur	GRASS	POISON	155	151	143	1699	40	134	131	124	16616
3	フシギバナ	Venusaur	GRASS	POISON	190	198	189	2487	34	154	160	154	23716
4	ヒトカゲ	Charmander	FIRE		118	116	93	980	40	105	103	85	8925
5	リザード	Charmeleon	FIRE		151	158	126	1653	40	131	136	111	14541
6	リザードン	Charizard	FIRE	FLYING	186	223	173	2497	30.5	147	174	138	20286
7	ゼニガメ	Squirtle	WATER		127	94	121	946	40	112	86	107	11984
8	カメール	Wartortle	WATER		153	126	155	1488	40	132	111	134	17688
9	カメックス	Blastoise	WATER		188	171	207	2466	40	160	146	175	28000
10	キャタピー	Caterpie	BUG		128	55	55	437	40	113	55	55	6215
11	トランセル	Metapod	BUG		137	45	80	450	40	120	47	75	9000
12	バタフリー	Butterfree	BUG	FLYING	155	167	137	1827	40	134	143	120	16080
13	ビードル	Weedle	BUG	POISON	120	63	50	456	40	106	61	51	5406
14	コクーン	Kakuna	BUG	POISON	128	46	75	432	40	113	48	71	8023
15	スピアー	Beedrill	BUG	POISON	163	169	130	1846	40	140	145	114	15960
16	ポッポ	Pidgey	NORMAL	FLYING	120	85	73	680	40	106	79	69	7314
17	ピジョン	Pidgeotto	NORMAL	FLYING	160	117	105	1194	40	138	104	94	12972
18	ピジョット	Pidgeot	NORMAL	FLYING	195	166	154	2129	40	165	143	133	21945
19	コラッタ (アローラのすがた)	Alolan Rattata	DARK	NORMAL	102	103	70	734	40	92	93	67	6164
19	コラッタ	Rattata	NORMAL		102	103	70	734	40	92	93	67	6164
20	ラッタ (アローラのすがた)	Alolan Raticate	DARK	NORMAL	181	135	154	1705	40	154	118	133	20482
20	ラッタ	Raticate	NORMAL		146	161	139	1730	40	127	139	121	15367
21	オニスズメ	Spearow	NORMAL	FLYING	120	112	60	798	40	106	100	59	6254
22	オニドリル	Fearow	NORMAL	FLYING	163	182	133	1997	40	140	155	116	16240
23	アーボ	Ekans	POISON		111	110	97	927	40	99	98	88	8712
24	アーボック	Arbok	POISON		155	167	153	1921	40	134	143	132	17688
25	ピカチュウ	Pikachu	ELECTRIC		111	112	96	938	40	99	100	87	8613
26	ライチュウ	Raichu	ELECTRIC		155	193	151	2182	40	134	164	131	17554
26	ライチュウ (アローラのすがた)	Alolan Raichu	ELECTRIC	PSYCHIC	155	201	154	2286	40	134	170	133	17822
27	サンド	Sandshrew	GROUND		137	126	120	1261	40	120	111	106	12720
27	サンド (アローラのすがた)	Alolan Sandshrew	ICE	STEEL	137	125	129	1293	40	120	110	113	13560
28	サンドパン (アローラのすがた)	Alolan Sandslash	ICE	STEEL	181	177	195	2432	40	154	151	165	25410
28	サンドパン	Sandslash	GROUND		181	182	175	2374	40	154	155	150	23100
29	ニドラン♀	Nidoran♀	POISON		146	86	89	816	40	127	79	82	10414
30	ニドリーナ	Nidorina	POISON		172	117	120	1309	40	147	104	106	15582
31	ニドクイン	Nidoqueen	POISON	GROUND	207	180	173	2488	40	175	154	148	25900
32	ニドラン♂	Nidoran♂	POISON		130	105	76	860	40	114	94	71	8094
33	ニドリーノ	Nidorino	POISON		156	137	111	1393	40	135	120	99	13365
34	ニドキング	Nidoking	POISON	GROUND	191	204	156	2493	38	160	170	133	21280
35	ピッピ	Clefairy	FAIRY		172	107	108	1155	40	147	96	97	14259
36	ピクシー	Clefable	FAIRY		216	178	162	2437	40	182	152	139	25298
37	ロコン (アローラのすがた)	Alolan Vulpix	ICE		116	96	109	883	40	103	87	97	9991
37	ロコン	Vulpix	FIRE		116	96	109	883	40	103	87	97	9991
38	キュウコン	Ninetales	FIRE		177	169	190	2279	40	151	145	162	24462
38	キュウコン (アローラのすがた)	Alolan Ninetales	ICE	FAIRY	177	170	193	2309	40	151	146	164	24764
39	プリン	Jigglypuff	NORMAL	FAIRY	251	80	41	724	40	210	75	44	9240
40	プクリン	Wigglytuff	NORMAL	FAIRY	295	156	90	1926	40	244	135	82	20008
41	ズバット	Zubat	POISON	FLYING	120	83	73	667	40	106	77	69	7314
42	ゴルバット	Golbat	POISON	FLYING	181	161	150	1976	40	154	139	130	20020
43	ナゾノクサ	Oddish	GRASS	POISON	128	131	112	1228	40	113	115	100	11300
44	クサイハナ	Gloom	GRASS	POISON	155	153	136	1681	40	134	132	119	15946
45	ラフレシア	Vileplume	GRASS	POISON	181	202	167	2486	38	152	169	141	21432
46	パラス	Paras	BUG	GRASS	111	121	99	1018	40	99	107	90	8910
47	パラセクト	Parasect	BUG	GRASS	155	165	146	1859	40	134	142	127	17018
48	コンパン	Venonat	BUG	POISON	155	100	100	1004	40	134	90	90	12060
49	モルフォン	Venomoth	BUG	POISON	172	179	143	2082	40	147	153	124	18228
50	ディグダ (アローラのすがた)	Alolan Diglett	GROUND	STEEL	67	108	81	681	40	64	97	75	4800
50	ディグダ	Diglett	GROUND		67	109	78	676	40	64	97	73	4672
51	ダグトリオ	Dugtrio	GROUND		111	167	136	1567	40	99	143	119	11781
51	ダグトリオ (アローラのすがた)	Alolan Dugtrio	GROUND	STEEL	111	201	142	1897	40	99	170	124	12276
52	ニャース (アローラのすがた)	Alolan Meowth	DARK		120	99	78	797	40	106	90	73	7738
52	ニャース	Meowth	NORMAL		120	92	78	748	40	106	84	73	7738
53	ペルシアン	Persian	NORMAL		163	150	136	1689	40	140	130	119	16660
53	ペルシアン (アローラのすがた)	Alolan Persian	DARK		163	158	136	1771	40	140	136	119	16660
54	コダック	Psyduck	WATER		137	122	95	1106	40	120	108	86	10320
55	ゴルダック	Golduck	WATER		190	191	162	2450	40	162	162	139	22518
56	マンキー	Mankey	FIGHTING		120	148	82	1164	40	106	128	76	8056
57	オコリザル	Primeape	FIGHTING		163	207	138	2288	40	140	175	120	16800
58	ガーディ	Growlithe	FIRE		146	136	93	1243	40	127	119	85	10795
59	ウインディ	Arcanine	FIRE		207	227	166	2467	28.5	158	172	129	20382
60	ニョロモ	Poliwag	WATER		120	101	82	829	40	106	91	76	8056
61	ニョロゾ	Poliwhirl	WATER		163	130	123	1419	40	140	114	109	15260
62	ニョロボン	Poliwrath	WATER	FIGHTING	207	182	184	2493	37.5	172	152	154	26488
63	ケーシィ	Abra	PSYCHIC		93	195	82	1342	40	85	165	76	6460
64	ユンゲラー	Kadabra	PSYCHIC		120	232	117	2059	40	106	195	104	11024
65	フーディン	Alakazam	PSYCHIC		146	271	167	2489	28.5	114	203	129	14706
66	ワンリキー	Machop	FIGHTING		172	137	82	1278	40	147	120	76	11172
67	ゴーリキー	Machoke	FIGHTING		190	177	125	2031	40	162	151	110	17820
68	カイリキー	Machamp	FIGHTING		207	234	159	2489	28.5	158	177	124	19592
69	マダツボミ	Bellsprout	GRASS	POISON	137	139	61	1033	40	120	121	60	7200
70	ウツドン	Weepinbell	GRASS	POISON	163	172	92	1611	40	140	147	84	11760
71	ウツボット	Victreebel	GRASS	POISON	190	207	135	2431	40	162	175	118	19116
72	メノクラゲ	Tentacool	WATER	POISON	120	97	149	1040	40	106	88	129	13674
73	ドククラゲ	Tentacruel	WATER	POISON	190	166	209	2422	40	162	143	177	28674
74	イシツブテ	Geodude	ROCK	GROUND	120	132	132	1293	40	106	116	116	12296
74	イシツブテ (アローラのすがた)	Alolan Geodude	ROCK	ELECTRIC	120	132	132	1293	40	106	116	116	12296
75	ゴローン	Graveler	ROCK	GROUND	146	164	164	1897	40	127	141	141	17907
75	ゴローン (アローラのすがた)	Alolan Graveler	ROCK	ELECTRIC	146	164	164	1897	40	127	141	141	17907
76	ゴローニャ (アローラのすがた)	Alolan Golem	ROCK	ELECTRIC	190	211	198	2486	29.5	148	163	154	22792
76	ゴローニャ	Golem	ROCK	GROUND	190	211	198	2486	29.5	148	163	154	22792
77	ポニータ	Ponyta	FIRE		137	170	127	1697	40	120	146	112	13440
78	ギャロップ	Rapidash	FIRE		163	207	162	2461	40	140	175	139	19460
79	ヤドン	Slowpoke	WATER	PSYCHIC	207	109	98	1226	40	175	97	89	15575
80	ヤドラン	Slowbro	WATER	PSYCHIC	216	177	180	2490	38.5	180	150	152	27360
81	コイル	Magnemite	ELECTRIC	STEEL	93	165	121	1362	40	85	142	107	9095
82	レアコイル	Magneton	ELECTRIC	STEEL	137	223	169	2485	40	120	188	145	17400
83	カモネギ	Farfetch'd	NORMAL	FLYING	141	124	115	1236	40	123	109	102	12546
84	ドードー	Doduo	NORMAL	FLYING	111	158	83	1200	40	99	136	77	7623
85	ドードリオ	Dodrio	NORMAL	FLYING	155	218	140	2362	40	134	184	122	16348
86	パウワウ	Seel	WATER		163	85	121	971	40	140	79	107	14980
87	ジュゴン	Dewgong	WATER	ICE	207	139	177	1985	40	175	121	151	26425
88	ベトベター	Grimer	POISON		190	135	90	1374	40	162	118	82	13284
88	ベトベター (アローラのすがた)	Alolan Grimer	POISON	DARK	190	135	90	1374	40	162	118	82	13284
89	ベトベトン (アローラのすがた)	Alolan Muk	POISON	DARK	233	190	172	2481	33	185	153	140	25900
89	ベトベトン	Muk	POISON		233	190	172	2481	33	185	153	140	25900
90	シェルダー	Shellder	WATER		102	116	134	1080	40	92	103	117	10764
91	パルシェン	Cloyster	WATER	ICE	137	186	256	2493	38.5	118	157	211	24898
92	ゴース	Gastly	GHOST	POISON	102	186	67	1229	40	92	158	64	5888
93	ゴースト	Haunter	GHOST	POISON	128	223	107	1963	40	113	188	96	10848
94	ゲンガー	Gengar	GHOST	POISON	155	261	149	2487	30.5	124	202	120	14880
95	イワーク	Onix	ROCK	GROUND	111	85	232	1101	40	99	79	195	19305
96	スリープ	Drowzee	PSYCHIC		155	89	136	1040	40	134	82	119	15946
97	スリーパー	Hypno	PSYCHIC		198	144	193	2090	40	168	125	164	27552
98	クラブ	Krabby	WATER		102	181	124	1561	40	92	154	109	10028
99	キングラー	Kingler	WATER		146	240	181	2485	31.5	119	188	145	17255
100	ビリリダマ	Voltorb	ELECTRIC		120	109	111	1010	40	106	97	99	10494
101	マルマイン	Electrode	ELECTRIC		155	173	173	2099	40	134	148	148	19832
102	タマタマ	Exeggcute	GRASS	PSYCHIC	155	107	125	1175	40	134	96	110	14740
103	ナッシー (アローラのすがた)	Alolan Exeggutor	GRASS	DRAGON	216	230	153	2497	29	166	176	120	19920
103	ナッシー	Exeggutor	GRASS	PSYCHIC	216	233	149	2498	29	166	178	117	19422
104	カラカラ	Cubone	GROUND		137	90	144	1019	40	120	82	125	15000
105	ガラガラ (アローラのすがた)	Alolan Marowak	FIRE	GHOST	155	144	186	1835	40	134	125	158	21172
105	ガラガラ	Marowak	GROUND		155	144	186	1835	40	134	125	158	21172
106	サワムラー	Hitmonlee	FIGHTING		137	224	181	2484	37.5	117	185	152	17784
107	エビワラー	Hitmonchan	FIGHTING		137	193	197	2332	40	120	164	167	20040
108	ベロリンガ	Lickitung	NORMAL		207	108	137	1411	40	175	97	120	21000
109	ドガース	Koffing	POISON		120	119	141	1214	40	106	105	123	13038
110	マタドガス	Weezing	POISON		163	174	197	2293	40	140	149	167	23380
111	サイホーン	Rhyhorn	GROUND	ROCK	190	140	127	1651	40	162	122	112	18144
112	サイドン	Rhydon	GROUND	ROCK	233	222	171	2498	27.5	173	166	130	22490
113	ラッキー	Chansey	NORMAL		487	60	128	1255	40	396	59	113	44748
114	モンジャラ	Tangela	GRASS		163	183	169	2238	40	140	156	145	20300
115	ガルーラ	Kangaskhan	NORMAL		233	181	165	2494	37.5	192	152	139	26688
116	タッツー	Horsea	WATER		102	129	103	1056	40	92	113	93	8556
117	シードラ	Seadra	WATER		146	187	156	2093	40	127	159	135	17145
118	トサキント	Goldeen	WATER		128	123	110	1152	40	113	109	98	11074
119	アズマオウ	Seaking	WATER		190	175	147	2162	40	162	150	128	20736
120	ヒトデマン	Staryu	WATER		102	137	112	1157	40	92	120	100	9200
121	スターミー	Starmie	WATER	PSYCHIC	155	210	184	2492	37.5	131	174	154	20174
122	バリヤード	Mr. Mime	PSYCHIC	FAIRY	120	192	205	2228	40	106	163	173	18338
123	ストライク	Scyther	BUG	FLYING	172	218	170	2494	34.5	141	176	140	19740
124	ルージュラ	Jynx	ICE	PSYCHIC	163	223	151	2500	38.5	139	186	129	17931
125	エレブー	Electabuzz	ELECTRIC		163	198	158	2334	40	140	168	136	19040
126	ブーバー	Magmar	FIRE		163	206	154	2394	40	140	174	133	18620
127	カイロス	Pinsir	BUG		163	238	182	2494	29.5	129	183	142	18318
128	ケンタロス	Tauros	NORMAL		181	198	183	2489	36.5	150	164	152	22800
129	コイキング	Magikarp	WATER		85	29	85	274	40	79	34	79	6241
130	ギャラドス	Gyarados	WATER	FLYING	216	237	186	2470	25.5	155	169	135	20925
131	ラプラス	Lapras	WATER	ICE	277	165	174	2490	36	224	138	145	32480
132	メタモン	Ditto	NORMAL		134	91	91	832	40	117	83	83	9711
133	イーブイ	Eevee	NORMAL		146	104	114	1071	40	127	94	101	12827
134	シャワーズ	Vaporeon	WATER		277	205	161	2492	28	206	155	124	25544
135	サンダース	Jolteon	ELECTRIC		163	232	182	2496	30.5	130	181	144	18720
136	ブースター	Flareon	FIRE		163	246	179	2466	28.5	126	186	138	17388
137	ポリゴン	Porygon	NORMAL		163	153	136	1720	40	140	132	119	16660
138	オムナイト	Omanyte	ROCK	WATER	111	155	153	1544	40	99	134	132	13068
139	オムスター	Omastar	ROCK	WATER	172	207	201	2488	32.5	139	165	161	22379
140	カブト	Kabuto	ROCK	WATER	102	148	140	1370	40	92	128	122	11224
141	カブトプス	Kabutops	ROCK	WATER	155	220	186	2500	34.5	128	178	152	19456
142	プテラ	Aerodactyl	ROCK	FLYING	190	221	159	2485	32.5	153	176	129	19737
143	カビゴン	Snorlax	NORMAL		330	190	169	2488	27	239	142	127	30353
144	フリーザー	Articuno	ICE	FLYING	207	192	236	2485	28.5	158	147	179	28282
145	サンダー	Zapdos	ELECTRIC	FLYING	207	253	185	2468	24.5	146	177	132	19272
146	ファイヤー	Moltres	FIRE	FLYING	207	251	181	2475	25	148	177	130	19240
147	ミニリュウ	Dratini	DRAGON		121	119	91	1004	40	107	105	83	8881
148	ハクリュー	Dragonair	DRAGON		156	163	135	1780	40	135	140	118	15930
149	カイリュー	Dragonite	DRAGON	FLYING	209	263	198	2492	23	143	178	136	19448
150	ミュウツー	Mewtwo	PSYCHIC		214	300	182	2447	20.5	138	190	119	16422
151	ミュウ	Mew	PSYCHIC		225	210	210	2472	26.5	165	154	154	25410
152	チコリータ	Chikorita	GRASS		128	92	122	935	40	113	84	108	12204
153	ベイリーフ	Bayleef	GRASS		155	122	155	1454	40	134	108	134	17956
154	メガニウム	Meganium	GRASS		190	168	202	2410	40	162	144	171	27702
155	ヒノアラシ	Cyndaquil	FIRE		118	116	93	980	40	105	103	85	8925
156	マグマラシ	Quilava	FIRE		151	158	126	1653	40	131	136	111	14541
157	バクフーン	Typhlosion	FIRE		186	223	173	2497	30.5	147	174	138	20286
158	ワニノコ	Totodile	WATER		137	117	109	1131	40	120	104	97	11640
159	アリゲイツ	Croconaw	WATER		163	150	142	1722	40	140	130	124	17360
160	オーダイル	Feraligatr	WATER		198	205	188	2490	31	157	162	149	23393
161	オタチ	Sentret	NORMAL		111	79	73	618	40	99	74	69	6831
162	オオタチ	Furret	NORMAL		198	148	125	1758	40	168	128	110	18480
163	ホーホー	Hoothoot	NORMAL	FLYING	155	67	88	677	40	134	64	81	10854
164	ヨルノズク	Noctowl	NORMAL	FLYING	225	145	156	2024	40	189	126	135	25515
165	レディバ	Ledyba	BUG	FLYING	120	72	118	728	40	106	68	105	11130
166	レディアン	Ledian	BUG	FLYING	146	107	179	1346	40	127	96	153	19431
167	イトマル	Spinarak	BUG	POISON	120	105	73	816	40	106	94	69	7314
168	アリアドス	Ariados	BUG	POISON	172	161	124	1772	40	147	139	109	16023
169	クロバット	Crobat	POISON	FLYING	198	194	178	2495	36	163	160	148	24124
170	チョンチー	Chinchou	WATER	ELECTRIC	181	106	97	1119	40	154	95	88	13552
171	ランターン	Lanturn	WATER	ELECTRIC	268	146	137	2085	40	223	127	120	26760
172	ピチュー	Pichu	ELECTRIC		85	77	53	473	40	79	72	53	4187
173	ピィ	Cleffa	FAIRY		137	75	79	671	40	120	71	74	8880
174	ププリン	Igglybuff	NORMAL	FAIRY	207	69	32	535	40	175	66	37	6475
175	トゲピー	Togepi	FAIRY		111	67	116	657	40	99	64	103	10197
176	トゲチック	Togetic	FAIRY	FLYING	146	139	181	1708	40	127	121	154	19558
177	ネイティ	Natu	PSYCHIC	FLYING	120	134	89	1102	40	106	117	82	8692
178	ネイティオ	Xatu	PSYCHIC	FLYING	163	192	146	2188	40	140	163	127	17780
179	メリープ	Mareep	ELECTRIC		146	114	79	991	40	127	101	74	9398
180	モココ	Flaaffy	ELECTRIC		172	145	109	1521	40	147	126	97	14259
181	デンリュウ	Ampharos	ELECTRIC		207	211	169	2486	31	163	166	135	22005
182	キレイハナ	Bellossom	GRASS		181	169	186	2281	40	154	145	158	24332
183	マリル	Marill	WATER	FAIRY	172	37	93	461	40	147	41	85	12495
184	マリルリ	Azumarill	WATER	FAIRY	225	112	152	1588	40	189	100	131	24759
185	ウソッキー	Sudowoodo	ROCK		172	167	176	2148	40	147	143	150	22050
186	ニョロトノ	Politoed	WATER		207	174	179	2449	40	175	149	153	26775
187	ハネッコ	Hoppip	GRASS	FLYING	111	67	94	600	40	99	64	86	8514
188	ポポッコ	Skiploom	GRASS	FLYING	146	91	120	976	40	127	83	106	13462
189	ワタッコ	Jumpluff	GRASS	FLYING	181	118	183	1636	40	154	105	156	24024
190	エイパム	Aipom	NORMAL		146	136	112	1348	40	127	119	100	12700
191	ヒマナッツ	Sunkern	GRASS		102	55	55	395	40	92	55	55	5060
192	キマワリ	Sunflora	GRASS		181	185	135	2141	40	154	158	118	18172
193	ヤンヤンマ	Yanma	BUG	FLYING	163	154	94	1470	40	140	133	86	12040
194	ウパー	Wooper	WATER	GROUND	146	75	66	641	40	127	71	64	8128
195	ヌオー	Quagsire	WATER	GROUND	216	152	143	1992	40	182	131	124	22568
196	エーフィ	Espeon	PSYCHIC		163	261	175	2490	27.5	124	193	133	16492
197	ブラッキー	Umbreon	DARK		216	126	240	2137	40	182	111	201	36582
198	ヤミカラス	Murkrow	DARK	FLYING	155	175	87	1562	40	134	150	80	10720
199	ヤドキング	Slowking	WATER	PSYCHIC	216	177	180	2490	38.5	180	150	152	27360
200	ムウマ	Misdreavus	GHOST		155	167	154	1926	40	134	143	133	17822
201	アンノーン	Unown	PSYCHIC		134	136	91	1185	40	117	119	83	9711
202	ソーナンス	Wobbuffet	PSYCHIC		382	60	106	1026	40	313	59	95	29735
203	キリンリキ	Girafarig	NORMAL	PSYCHIC	172	182	133	2046	40	147	155	116	17052
204	クヌギダマ	Pineco	BUG		137	108	122	1108	40	120	97	108	12960
205	フォレトス	Forretress	BUG	STEEL	181	161	205	2282	40	154	139	173	26642
206	ノコッチ	Dunsparce	NORMAL		225	131	128	1689	40	189	115	113	21357
207	グライガー	Gligar	GROUND	FLYING	163	143	184	1857	40	140	124	157	21980
208	ハガネール	Steelix	STEEL	GROUND	181	148	272	2414	40	154	128	226	34804
209	ブルー	Snubbull	FAIRY		155	137	85	1237	40	134	120	79	10586
210	グランブル	Granbull	FAIRY		207	212	131	2497	38.5	173	177	114	19722
211	ハリーセン	Qwilfish	WATER	POISON	163	184	138	2051	40	140	157	120	16800
212	ハッサム	Scizor	BUG	STEEL	172	236	181	2486	29	134	180	141	18894
213	ツボツボ	Shuckle	BUG	ROCK	85	17	396	405	40	79	25	324	25596
214	ヘラクロス	Heracross	BUG	FIGHTING	190	234	179	2481	28	144	176	137	19728
215	ニューラ	Sneasel	DARK	ICE	146	189	146	2051	40	127	161	127	16129
216	ヒメグマ	Teddiursa	NORMAL		155	142	93	1328	40	134	124	85	11390
217	リングマ	Ursaring	NORMAL		207	236	144	2482	29.5	161	182	115	18515
218	マグマッグ	Slugma	FIRE		120	118	71	895	40	106	105	67	7102
219	マグカルゴ	Magcargo	FIRE	ROCK	137	139	191	1702	40	120	121	162	19440
220	ウリムー	Swinub	ICE	GROUND	137	90	69	741	40	120	82	66	7920
221	イノムー	Piloswine	ICE	GROUND	225	181	138	2345	40	189	154	120	22680
222	サニーゴ	Corsola	WATER	ROCK	146	118	156	1378	40	127	105	135	17145
223	テッポウオ	Remoraid	WATER		111	127	69	912	40	99	112	66	6534
224	オクタン	Octillery	WATER		181	197	141	2315	40	154	167	123	18942
225	デリバード	Delibird	ICE	FLYING	128	128	90	1094	40	113	113	82	9266
226	マンタイン	Mantine	WATER	FLYING	163	148	226	2108	40	140	128	190	26600
227	エアームド	Skarmory	STEEL	FLYING	163	148	226	2108	40	140	128	190	26600
228	デルビル	Houndour	DARK	FIRE	128	152	83	1234	40	113	131	77	8701
229	ヘルガー	Houndoom	DARK	FIRE	181	224	144	2484	36	150	183	122	18300
230	キングドラ	Kingdra	WATER	DRAGON	181	194	194	2491	36	150	160	160	24000
231	ゴマゾウ	Phanpy	GROUND		207	107	98	1206	40	175	96	89	15575
232	ドンファン	Donphan	GROUND		207	214	185	2497	29	159	164	143	22737
233	ポリゴン2	Porygon2	NORMAL		198	198	180	2498	34.5	161	161	147	23667
234	オドシシ	Stantler	NORMAL		177	192	131	2164	40	151	163	115	17365
235	ドーブル	Smeargle	NORMAL		146	40	83	431	40	127	43	77	9779
236	バルキー	Tyrogue	FIGHTING		111	64	64	492	40	99	62	62	6138
237	カポエラー	Hitmontop	FIGHTING		137	173	207	2156	40	120	148	175	21000
238	ムチュール	Smoochum	ICE	PSYCHIC	128	153	91	1291	40	113	132	83	9379
239	エレキッド	Elekid	ELECTRIC		128	135	101	1206	40	113	118	91	10283
240	ブビィ	Magby	FIRE		128	151	99	1323	40	113	131	90	10170
241	ミルタンク	Miltank	NORMAL		216	157	193	2354	40	182	135	164	29848
242	ハピナス	Blissey	NORMAL		496	129	169	2482	33	383	107	137	52471
243	ライコウ	Raikou	ELECTRIC		207	241	195	2466	25	148	170	140	20720
244	エンテイ	Entei	FIRE		251	235	171	2480	25	177	166	124	21948
245	スイクン	Suicune	WATER		225	180	235	2472	29	172	140	179	30788
246	ヨーギラス	Larvitar	ROCK	GROUND	137	115	93	1040	40	120	102	85	10200
247	サナギラス	Pupitar	ROCK	GROUND	172	155	133	1766	40	147	134	116	17052
248	バンギラス	Tyranitar	ROCK	DARK	225	251	207	2465	22.5	152	168	140	21280
249	ルギア	Lugia	PSYCHIC	FLYING	235	193	310	2486	23.5	161	134	210	33810
250	ホウオウ	Ho-Oh	FIRE	FLYING	214	239	244	2483	22.5	145	160	164	23780
251	セレビィ	Celebi	PSYCHIC	GRASS	225	210	210	2472	26.5	165	154	154	25410
252	キモリ	Treecko	GRASS		120	124	94	1053	40	106	109	86	9116
253	ジュプトル	Grovyle	GRASS		137	172	120	1673	40	120	147	106	12720
254	ジュカイン	Sceptile	GRASS		172	223	169	2481	33	140	178	137	19180
255	アチャモ	Torchic	FIRE		128	130	87	1093	40	113	114	80	9040
256	ワカシャモ	Combusken	FIRE	FIGHTING	155	163	115	1652	40	134	140	102	13668
257	バシャーモ	Blaziken	FIRE	FIGHTING	190	240	141	2482	31	151	188	115	17365
258	ミズゴロウ	Mudkip	WATER		137	126	93	1128	40	120	111	85	10200
259	ヌマクロー	Marshtomp	WATER	GROUND	172	156	133	1776	40	147	135	116	17052
260	ラグラージ	Swampert	WATER	GROUND	225	208	175	2464	29	172	160	136	23392
261	ポチエナ	Poochyena	DARK		111	96	61	678	40	99	87	60	5940
262	グラエナ	Mightyena	DARK		172	171	132	1926	40	147	146	116	17052
263	ジグザグマ	Zigzagoon	NORMAL		116	58	80	508	40	103	57	75	7725
264	マッスグマ	Linoone	NORMAL		186	142	128	1662	40	158	124	113	17854
265	ケムッソ	Wurmple	BUG		128	75	59	578	40	113	71	58	6554
266	カラサリス	Silcoon	BUG		137	60	77	553	40	120	59	72	8640
267	アゲハント	Beautifly	BUG	FLYING	155	189	98	1765	40	134	161	89	11926
268	マユルド	Cascoon	BUG		137	60	77	553	40	120	59	72	8640
269	ドクケイル	Dustox	BUG	POISON	155	98	162	1224	40	134	89	139	18626
270	ハスボー	Lotad	WATER	GRASS	120	71	77	598	40	106	67	72	7632
271	ハスブレロ	Lombre	WATER	GRASS	155	112	119	1197	40	134	100	105	14070
272	ルンパッパ	Ludicolo	WATER	GRASS	190	173	176	2323	40	162	148	150	24300
273	タネボー	Seedot	GRASS		120	71	77	598	40	106	67	72	7632
274	コノハナ	Nuzleaf	GRASS	DARK	172	134	78	1227	40	147	117	73	10731
275	ダーテング	Shiftry	GRASS	DARK	207	200	121	2333	40	175	169	107	18725
276	スバメ	Taillow	NORMAL	FLYING	120	106	61	765	40	106	95	60	6360
277	オオスバメ	Swellow	NORMAL	FLYING	155	185	124	1920	40	134	158	109	14606
278	キャモメ	Wingull	WATER	FLYING	120	106	61	765	40	106	95	60	6360
279	ペリッパー	Pelipper	WATER	FLYING	155	175	174	2127	40	134	150	149	19966
280	ラルトス	Ralts	PSYCHIC	FAIRY	99	79	59	539	40	90	74	58	5220
281	キルリア	Kirlia	PSYCHIC	FAIRY	116	117	90	966	40	103	104	82	8446
282	サーナイト	Gardevoir	PSYCHIC	FAIRY	169	237	195	2475	28	130	178	148	19240
283	アメタマ	Surskit	BUG	WATER	120	93	87	791	40	106	85	80	8480
284	アメモース	Masquerain	BUG	FLYING	172	192	150	2270	40	147	163	130	19110
285	キノココ	Shroomish	GRASS		155	74	110	810	40	134	70	98	13132
286	キノガッサ	Breloom	GRASS	FIGHTING	155	241	144	2497	36.5	130	197	122	15860
287	ナマケロ	Slakoth	NORMAL		155	104	92	1002	40	134	94	84	11256
288	ヤルキモノ	Vigoroth	NORMAL		190	159	145	1968	40	162	137	126	20412
289	ケッキング	Slaking	NORMAL		284	290	166	2468	19.5	176	179	106	18656
290	ツチニン	Nincada	BUG	GROUND	104	80	126	768	40	94	75	111	10434
291	テッカニン	Ninjask	BUG	FLYING	156	199	112	1969	40	135	169	100	13500
292	ヌケニン	Shedinja	BUG	GHOST	1	153	73	393	40	12	132	69	828
293	ゴニョニョ	Whismur	NORMAL		162	92	42	671	40	139	84	45	6255
294	ドゴーム	Loudred	NORMAL		197	134	81	1327	40	167	117	75	12525
295	バクオング	Exploud	NORMAL		232	179	137	2347	40	195	153	120	23400
296	マクノシタ	Makuhita	FIGHTING		176	99	54	817	40	150	90	54	8100
297	ハリテヤマ	Hariyama	FIGHTING		302	209	114	2485	31.5	234	165	95	22230
298	ルリリ	Azurill	NORMAL	FAIRY	137	36	71	364	40	120	40	67	8040
299	ノズパス	Nosepass	ROCK		102	82	215	993	40	92	76	181	16652
300	エネコ	Skitty	NORMAL		137	84	79	739	40	120	78	74	8880
301	エネコロロ	Delcatty	NORMAL		172	132	127	1496	40	147	116	112	16464
302	ヤミラミ	Sableye	DARK	GHOST	137	141	136	1476	40	120	123	119	14280
303	クチート	Mawile	STEEL	FAIRY	137	155	141	1634	40	120	134	123	14760
304	ココドラ	Aron	STEEL	ROCK	137	121	141	1307	40	120	107	123	14760
305	コドラ	Lairon	STEEL	ROCK	155	158	198	2056	40	134	136	168	22512
306	ボスゴドラ	Aggron	STEEL	ROCK	172	198	257	2486	29	134	153	195	26130
307	アサナン	Meditite	FIGHTING	PSYCHIC	102	78	107	693	40	92	73	96	8832
308	チャーレム	Medicham	FIGHTING	PSYCHIC	155	121	152	1431	40	134	107	131	17554
309	ラクライ	Electrike	ELECTRIC		120	123	78	965	40	106	109	73	7738
310	ライボルト	Manectric	ELECTRIC		172	215	127	2340	40	147	181	112	16464
311	プラスル	Plusle	ELECTRIC		155	167	129	1778	40	134	143	113	15142
312	マイナン	Minun	ELECTRIC		155	147	150	1694	40	134	128	130	17420
313	バルビート	Volbeat	BUG		163	143	166	1771	40	140	124	143	20020
314	イルミーゼ	Illumise	BUG		163	143	166	1771	40	140	124	143	20020
315	ロゼリア	Roselia	GRASS	POISON	137	186	131	1870	40	120	158	115	13800
316	ゴクリン	Gulpin	POISON		172	80	99	866	40	147	75	90	13230
317	マルノーム	Swalot	POISON		225	140	159	1978	40	189	122	137	25893
318	キバニア	Carvanha	WATER	DARK	128	171	39	1020	40	113	146	42	4746
319	サメハダー	Sharpedo	WATER	DARK	172	243	83	2181	40	147	203	77	11319
320	ホエルコ	Wailmer	WATER		277	136	68	1468	40	230	119	65	14950
321	ホエルオー	Wailord	WATER		347	175	87	2280	40	286	150	80	22880
322	ドンメル	Numel	FIRE	GROUND	155	119	79	1057	40	134	105	74	9916
323	バクーダ	Camerupt	FIRE	GROUND	172	194	136	2193	40	147	165	119	17493
324	コータス	Torkoal	FIRE		172	151	203	2093	40	147	131	172	25284
325	バネブー	Spoink	PSYCHIC		155	125	122	1334	40	134	110	108	14472
326	ブーピッグ	Grumpig	PSYCHIC		190	171	188	2369	40	162	146	160	25920
327	パッチール	Spinda	NORMAL		155	116	116	1220	40	134	103	103	13802
328	ナックラー	Trapinch	GROUND		128	162	78	1274	40	113	139	73	8249
329	ビブラーバ	Vibrava	GROUND	DRAGON	137	134	99	1225	40	120	117	90	10800
330	フライゴン	Flygon	GROUND	DRAGON	190	205	168	2490	35.5	156	168	139	21684
331	サボネア	Cacnea	GRASS		137	156	74	1242	40	120	135	70	8400
332	ノクタス	Cacturne	GRASS	DARK	172	221	115	2298	40	147	186	102	14994
333	チルット	Swablu	NORMAL	FLYING	128	76	132	824	40	113	71	116	13108
334	チルタリス	Altaria	DRAGON	FLYING	181	141	201	2004	40	154	123	170	26180
335	ザングース	Zangoose	NORMAL		177	222	124	2418	40	151	187	109	16459
336	ハブネーク	Seviper	POISON		177	196	118	2105	40	151	166	105	15855
337	ルナトーン	Lunatone	ROCK	PSYCHIC	207	178	153	2327	40	175	152	132	23100
338	ソルロック	Solrock	ROCK	PSYCHIC	207	178	153	2327	40	175	152	132	23100
339	ドジョッチ	Barboach	WATER	GROUND	137	93	82	819	40	120	85	76	9120
340	ナマズン	Whiscash	WATER	GROUND	242	151	141	2075	40	203	131	123	24969
341	ヘイガニ	Corphish	WATER		125	141	99	1230	40	110	123	90	9900
342	シザリガー	Crawdaunt	WATER	DARK	160	224	142	2474	40	138	188	124	17112
343	ヤジロン	Baltoy	GROUND	PSYCHIC	120	77	124	787	40	106	72	109	11554
344	ネンドール	Claydol	GROUND	PSYCHIC	155	140	229	1971	40	134	122	192	25728
345	リリーラ	Lileep	ROCK	GRASS	165	105	150	1291	40	142	94	130	18460
346	ユレイドル	Cradily	ROCK	GRASS	200	152	194	2211	40	169	131	165	27885
347	アノプス	Anorith	ROCK	BUG	128	176	100	1529	40	113	150	90	10170
348	アーマルド	Armaldo	ROCK	BUG	181	222	174	2482	31	144	174	139	20016
349	ヒンバス	Feebas	WATER		85	29	85	274	40	79	34	79	6241
350	ミロカロス	Milotic	WATER		216	192	219	2490	29	166	148	168	27888
351	ポワルン	Castform	NORMAL		172	139	139	1632	40	147	121	121	17787
351	ポワルン (あまみずのすがた)	Castform (Rainy Form)	WATER		172	139	139	1632	40	147	121	121	17787
351	ポワルン (たいようのすがた)	Castform (Sunny Form)	FIRE		172	139	139	1632	40	147	121	121	17787
351	ポワルン (ゆきぐものすがた)	Castform (Snowy Form)	ICE		172	139	139	1632	40	147	121	121	17787
352	カクレオン	Kecleon	NORMAL		155	161	189	2047	40	134	139	161	21574
353	カゲボウズ	Shuppet	GHOST		127	138	65	1018	40	112	120	63	7056
354	ジュペッタ	Banette	GHOST		162	218	126	2298	40	139	184	111	15429
355	ヨマワル	Duskull	GHOST		85	70	162	706	40	79	67	139	10981
356	サマヨール	Dusclops	GHOST		120	124	234	1591	40	106	109	196	20776
357	トロピウス	Tropius	GRASS	FLYING	223	136	163	1941	40	188	119	140	26320
358	チリーン	Chimecho	PSYCHIC		181	175	170	2259	40	154	150	146	22484
359	アブソル	Absol	DARK		163	246	120	2490	39	139	204	105	14595
360	ソーナノ	Wynaut	PSYCHIC		216	41	86	534	40	182	44	79	14378
361	ユキワラシ	Snorunt	ICE		137	95	95	888	40	120	86	86	10320
362	オニゴーリ	Glalie	ICE		190	162	162	2105	40	162	139	139	22518
363	タマザラシ	Spheal	ICE	WATER	172	95	90	962	40	147	86	82	12054
364	トドグラー	Sealeo	ICE	WATER	207	137	132	1714	40	175	120	116	20300
365	トドゼルガ	Walrein	ICE	WATER	242	182	176	2492	34	194	148	144	27936
366	パールル	Clamperl	WATER		111	133	135	1270	40	99	116	118	11682
367	ハンテール	Huntail	WATER		146	197	179	2340	40	127	167	153	19431
368	サクラビス	Gorebyss	WATER		146	211	179	2494	40	127	178	153	19431
369	ジーランス	Relicanth	WATER	ROCK	225	162	203	2492	39	188	138	171	32148
370	ラブカス	Luvdisc	WATER		125	81	128	848	40	110	75	113	12430
371	タツベイ	Bagon	DRAGON		128	134	93	1156	40	113	117	85	9605
372	コモルー	Shelgon	DRAGON		163	172	155	2031	40	140	147	134	18760
373	ボーマンダ	Salamence	DRAGON	FLYING	216	277	168	2464	23	147	187	117	17199
374	ダンバル	Beldum	STEEL	PSYCHIC	120	96	132	976	40	106	87	116	12296
375	メタング	Metang	STEEL	PSYCHIC	155	138	176	1721	40	134	120	150	20100
376	メタグロス	Metagross	STEEL	PSYCHIC	190	257	228	2491	23	131	174	155	20305
377	レジロック	Regirock	ROCK		190	179	309	2498	28	144	137	229	32976
378	レジアイス	Regice	ICE		190	179	309	2498	28	144	137	229	32976
379	レジスチル	Registeel	STEEL		190	143	285	2447	40	162	124	237	38394
380	ラティアス	Latias	DRAGON	PSYCHIC	190	228	246	2457	24.5	135	160	172	23220
381	ラティオス	Latios	DRAGON	PSYCHIC	190	268	212	2451	22.5	129	179	143	18447
382	カイオーガ	Kyogre	WATER		205	270	228	2469	21	134	174	148	19832
383	グラードン	Groudon	GROUND		205	270	228	2469	21	134	174	148	19832
384	レックウザ	Rayquaza	DRAGON	FLYING	213	284	170	2465	22.5	144	189	117	16848
385	ジラーチ	Jirachi	STEEL	PSYCHIC	225	210	210	2472	26.5	165	154	154	25410
386	デオキシス (アタックフォルム)	Deoxys (Speed Forme)	PSYCHIC		137	414	46	2487	37.5	117	332	47	5499
386	デオキシス (ノーマルフォルム)	Deoxys (Defense Forme)	PSYCHIC		137	345	115	2483	27.5	106	252	91	9646
386	デオキシス (ディフェンスフォルム)	Deoxys (Normal Forme)	PSYCHIC		137	144	330	2274	40	120	125	272	32640
386	デオキシス (スピードフォルム)	Deoxys (Attack Forme)	PSYCHIC		137	230	218	2489	30.5	111	180	171	18981
387	ナエトル	Turtwig	GRASS		146	119	110	1187	40	127	105	98	12446
388	ハヤシガメ	Grotle	GRASS		181	157	143	1890	40	154	135	124	19096
389	ドダイトス	Torterra	GRASS	GROUND	216	202	188	2473	29.5	167	157	147	24549
390	ヒコザル	Chimchar	FIRE		127	113	86	957	40	112	101	79	8848
391	モウカザル	Monferno	FIRE	FIGHTING	162	158	105	1574	40	139	136	94	13066
392	ゴウカザル	Infernape	FIRE	FIGHTING	183	222	151	2491	35	150	180	126	18900
393	ポッチャマ	Piplup	WATER		142	112	102	1075	40	124	100	92	11408
394	ポッタイシ	Prinplup	WATER		162	150	139	1701	40	139	130	121	16819
395	エンペルト	Empoleon	WATER	STEEL	197	210	186	2486	30	155	164	147	22785
396	ムックル	Starly	NORMAL	FLYING	120	101	58	719	40	106	91	57	6042
397	ムクバード	Staravia	NORMAL	FLYING	146	142	94	1299	40	127	124	86	10922
398	ムクホーク	Staraptor	NORMAL	FLYING	198	234	140	2482	31.5	157	184	114	17898
399	ビッパ	Bidoof	NORMAL		153	80	73	721	40	132	75	69	9108
400	ビーダル	Bibarel	NORMAL	WATER	188	162	119	1823	40	160	139	105	16800
401	コロボーシ	Kricketot	BUG		114	45	74	401	40	101	47	70	7070
402	コロトック	Kricketune	BUG		184	160	100	1653	40	157	138	90	14130
403	コリンク	Shinx	ELECTRIC		128	117	64	876	40	113	104	62	7006
404	ルクシオ	Luxio	ELECTRIC		155	159	95	1486	40	134	137	86	11524
405	レントラー	Luxray	ELECTRIC		190	232	156	2496	30.5	150	181	125	18750
406	スボミー	Budew	GRASS	POISON	120	91	109	856	40	106	83	97	10282
407	ロズレイド	Roserade	GRASS	POISON	155	243	185	2462	29	122	185	143	17446
408	ズガイドス	Cranidos	ROCK		167	218	71	1820	40	143	184	67	9581
409	ラムパルド	Rampardos	ROCK		219	295	109	2497	26.5	160	213	85	13600
410	タテトプス	Shieldon	ROCK	STEEL	102	76	195	890	40	92	71	165	15180
411	トリデプス	Bastiodon	ROCK	STEEL	155	94	286	1539	40	134	86	237	31758
412	ミノムッチ (ゴミのミノ)	Burmy (Trash Cloak)	BUG		120	53	83	488	40	106	53	77	8162
412	ミノムッチ (くさきのミノ)	Burmy (Plant Cloak)	BUG		120	53	83	488	40	106	53	77	8162
412	ミノムッチ (すなちのミノ)	Burmy (Sandy Cloak)	BUG		120	53	83	488	40	106	53	77	8162
413	ミノマダム (すなちのミノ)	Wormadam (Sandy Cloak)	BUG	GROUND	155	141	180	1773	40	134	123	154	20636
413	ミノマダム (くさきのミノ)	Wormadam (Plant Cloak)	BUG	GRASS	155	141	180	1773	40	134	123	154	20636
413	ミノマダム (ゴミのミノ)	Wormadam (Trash Cloak)	BUG	STEEL	155	127	175	1593	40	134	112	150	20100
414	ガーメイル	Mothim	BUG	FLYING	172	185	98	1815	40	147	158	89	13083
415	ミツハニー	Combee	BUG	FLYING	102	59	83	494	40	92	58	77	7084
416	ビークイン	Vespiquen	BUG	FLYING	172	149	190	2005	40	147	129	162	23814
417	パチリス	Pachirisu	ELECTRIC		155	94	172	1213	40	134	86	147	19698
418	ブイゼル	Buizel	WATER		146	132	67	1054	40	127	116	64	8128
419	フローゼル	Floatzel	WATER		198	221	114	2443	40	168	186	101	16968
420	チェリンボ	Cherubi	GRASS		128	108	92	950	40	113	97	84	9492
421	チェリム (ポジフォルム)	Cherrim (Sunny)	GRASS		172	170	153	2048	40	147	146	132	19404
421	チェリム (ネガフォルム)	Cherrim (Overcast)	GRASS		172	170	153	2048	40	147	146	132	19404
422	カラナクシ (にしのうみ)	Shellos (West sea)	WATER		183	103	105	1136	40	156	93	94	14664
422	カラナクシ (ひがしのうみ)	Shellos (East sea)	WATER		183	103	105	1136	40	156	93	94	14664
423	トリトドン (ひがしのうみ)	Gastrodon (East Sea)	WATER	GROUND	244	169	143	2324	40	204	145	124	25296
423	トリトドン (にしのうみ)	Gastrodon (West Sea)	WATER	GROUND	244	169	143	2324	40	204	145	124	25296
424	エテボース	Ambipom	NORMAL		181	205	143	2418	40	154	173	124	19096
425	フワンテ	Drifloon	GHOST	FLYING	207	117	80	1197	40	175	104	75	13125
426	フワライド	Drifblim	GHOST	FLYING	312	180	102	2382	40	258	154	92	23736
427	ミミロル	Buneary	NORMAL		146	130	105	1258	40	127	114	94	11938
428	ミミロップ	Lopunny	NORMAL		163	156	194	2059	40	140	135	165	23100
429	ムウマージ	Mismagius	GHOST		155	211	187	2484	36.5	130	174	155	20150
430	ドンカラス	Honchkrow	DARK	FLYING	225	243	103	2498	34.5	182	195	89	16198
431	ニャルマー	Glameow	NORMAL		135	109	82	934	40	118	97	76	8968
432	ブニャット	Purugly	NORMAL		174	172	133	1953	40	149	147	116	17284
433	リーシャン	Chingling	PSYCHIC		128	114	94	1005	40	113	101	86	9718
434	スカンプー	Stunky	POISON	DARK	160	121	90	1151	40	138	107	82	11316
435	スカタンク	Skuntank	POISON	DARK	230	184	132	2358	40	193	157	116	22388
436	ドーミラー	Bronzor	STEEL	PSYCHIC	149	43	154	603	40	129	45	133	17157
437	ドータクン	Bronzong	STEEL	PSYCHIC	167	161	213	2239	40	143	139	180	25740
438	ウソハチ	Bonsly	ROCK		137	124	133	1302	40	120	109	116	13920
439	マネネ	Mime Jr.	PSYCHIC	FAIRY	85	125	142	1095	40	79	110	124	9796
440	ピンプク	Happiny	NORMAL		225	25	77	371	40	189	31	72	13608
441	ペラップ	Chatot	NORMAL	FLYING	183	183	91	1791	40	156	156	83	12948
442	ミカルゲ	Spiritomb	GHOST	DARK	137	169	199	2072	40	120	145	169	20280
443	フカマル	Gible	DRAGON	GROUND	151	124	84	1112	40	131	109	78	10218
444	ガバイト	Gabite	DRAGON	GROUND	169	172	125	1874	40	145	147	110	15950
445	ガブリアス	Garchomp	DRAGON	GROUND	239	261	193	2490	22	159	172	130	20670
446	ゴンベ	Munchlax	NORMAL		286	137	117	1892	40	237	120	104	24648
447	リオル	Riolu	FIGHTING		120	127	78	993	40	106	112	73	7738
448	ルカリオ	Lucario	FIGHTING	STEEL	172	236	144	2490	34.5	141	190	120	16920
449	ヒポポタス	Hippopotas	GROUND		169	124	118	1358	40	145	109	105	15225
450	カバルドン	Hippowdon	GROUND		239	201	191	2468	28	179	152	145	25955
451	スコルピ	Skorupi	POISON	BUG	120	93	151	1009	40	106	85	131	13886
452	ドラピオン	Drapion	POISON	DARK	172	180	202	2453	40	147	154	171	25137
453	グレッグル	Croagunk	POISON	FIGHTING	134	116	76	952	40	117	103	71	8307
454	ドクロッグ	Toxicroak	POISON	FIGHTING	195	211	133	2488	40	165	178	116	19140
455	マスキッパ	Carnivine	GRASS		179	187	136	2159	40	153	159	119	18207
456	ケイコウオ	Finneon	WATER		135	96	116	971	40	118	87	103	12154
457	ネオラント	Lumineon	WATER		170	142	170	1814	40	146	124	146	21316
458	タマンタ	Mantyke	WATER	FLYING	128	105	179	1248	40	113	94	153	17289
459	ユキカブリ	Snover	GRASS	ICE	155	115	105	1159	40	134	102	94	12596
460	ユキノオー	Abomasnow	GRASS	ICE	207	178	158	2362	40	175	152	136	23800
461	マニューラ	Weavile	DARK	ICE	172	243	171	2490	29	134	185	133	17822
462	ジバコイル	Magnezone	ELECTRIC	STEEL	172	238	205	2472	27	129	175	152	19608
463	ベロベルト	Lickilicky	NORMAL		242	161	181	2467	40	203	139	154	31262
464	ドサイドン	Rhyperior	GROUND	ROCK	251	241	190	2453	23	170	164	131	22270
465	モジャンボ	Tangrowth	GRASS		225	207	184	2467	28.5	171	158	141	24111
466	エレキブル	Electivire	ELECTRIC		181	249	163	2463	28	138	186	125	17250
467	ブーバーン	Magmortar	FIRE		181	247	172	2461	27.5	137	183	131	17947
468	トゲキッス	Togekiss	FAIRY	FLYING	198	225	217	2475	26	145	163	158	22910
469	メガヤンマ	Yanmega	BUG	FLYING	200	231	156	2483	29.5	155	178	124	19220
470	リーフィア	Leafeon	GRASS		163	216	219	2481	29.5	129	167	169	21801
471	グレイシア	Glaceon	ICE		163	238	205	2457	27.5	124	177	154	19096
472	グライオン	Gliscor	GROUND	FLYING	181	185	222	2500	35	149	152	180	26820
473	マンムー	Mamoswine	ICE	GROUND	242	247	146	2472	26	175	178	109	19075
474	ポリゴンZ	Porygon-Z	NORMAL		198	264	150	2473	26.5	146	191	113	16498
475	エルレイド	Gallade	PSYCHIC	FIGHTING	169	237	195	2475	28	130	178	148	19240
476	ダイノーズ	Probopass	ROCK	STEEL	155	135	275	2080	40	134	118	229	30686
477	ヨノワール	Dusknoir	GHOST		128	180	254	2388	40	113	154	212	23956
478	ユキメノコ	Froslass	ICE	GHOST	172	171	150	2040	40	147	146	130	19110
479	ロトム (フロストロトム)	Rotom (Frost Rotom)	ELECTRIC	ICE	137	204	219	2487	37.5	117	169	181	21177
479	ロトム (カットロトム)	Rotom (Mow Rotom)	ELECTRIC	GRASS	137	204	219	2487	37.5	117	169	181	21177
479	ロトム (スピンロトム)	Rotom (Fan Rotom)	ELECTRIC	FLYING	137	204	219	2487	37.5	117	169	181	21177
479	ロトム	Rotom	ELECTRIC	GHOST	137	185	159	2031	40	120	158	137	16440
479	ロトム (ウォッシュロトム)	Rotom (Wash Rotom)	ELECTRIC	WATER	137	204	219	2487	37.5	117	169	181	21177
479	ロトム (ヒートロトム)	Rotom (Heat Rotom)	ELECTRIC	FIRE	137	204	219	2487	37.5	117	169	181	21177
480	ユクシー	Uxie	PSYCHIC		181	156	270	2488	39	153	134	223	34119
481	エムリット	Mesprit	PSYCHIC		190	212	212	2490	28.5	146	161	161	23506
482	アグノム	Azelf	PSYCHIC		181	270	151	2476	27	136	197	115	15640
483	ディアルガ	Dialga	STEEL	DRAGON	205	275	211	2480	21.5	136	179	139	18904
484	パルキア	Palkia	WATER	DRAGON	189	280	215	2451	21.5	126	182	142	17892
485	ヒードラン	Heatran	FIRE	STEEL	209	251	213	2467	23	143	170	146	20878
486	レジギガス	Regigigas	NORMAL		221	287	210	2483	20	140	180	134	18760
487	ギラティナ (オリジンフォルム)	Giratina (Origin Forme)	GHOST	DRAGON	284	225	187	2473	23.5	193	155	130	25090
487	ギラティナ (アナザーフォルム)	Giratina (Altered Forme)	GHOST	DRAGON	284	187	225	2462	25.5	201	136	161	32361
488	クレセリア	Cresselia	PSYCHIC		260	152	258	2490	31	202	123	201	40602
489	フィオネ	Phione	WATER		190	162	162	2105	40	162	139	139	22518
490	マナフィ	Manaphy	WATER		225	210	210	2472	26.5	165	154	154	25410
491	ダークライ	Darkrai	DARK		172	285	198	2457	23	119	192	136	16184
492	シェイミ (スカイフォルム)	Shaymin (Sky Forme)	GRASS	FLYING	225	261	166	2463	24	157	180	118	18526
492	シェイミ (ランドフォルム)	Shaymin (Land Forme)	GRASS		225	210	210	2472	26.5	165	154	154	25410
493	アルセウス (じめん)	Arceus (Ground)	GROUND		237	238	238	2450	21.5	156	156	156	24336
493	アルセウス (ゴースト)	Arceus (Ghost)	GHOST		237	238	238	2450	21.5	156	156	156	24336
493	アルセウス (むし)	Arceus (Bug)	BUG		237	238	238	2450	21.5	156	156	156	24336
493	アルセウス (エスパー)	Arceus (Phychic)	PSYCHIC		237	238	238	2450	21.5	156	156	156	24336
493	アルセウス (でんき)	Arceus (Electric)	ELECTRIC		237	238	238	2450	21.5	156	156	156	24336
493	アルセウス (フェアリー)	Arceus (Fairy)	FAIRY		237	238	238	2450	21.5	156	156	156	24336
493	アルセウス (くさ)	Arceus (Grass)	GRASS		237	238	238	2450	21.5	156	156	156	24336
493	アルセウス (こおり)	Arceus (Ice)	ICE		237	238	238	2450	21.5	156	156	156	24336
493	アルセウス (あく)	Arceus (Dark)	DARK		237	238	238	2450	21.5	156	156	156	24336
493	アルセウス	Arceus	NORMAL		237	238	238	2450	21.5	156	156	156	24336
493	アルセウス (どく)	Arceus (Poison)	POISON		237	238	238	2450	21.5	156	156	156	24336
493	アルセウス (はがね)	Arceus (Steel)	STEEL		237	238	238	2450	21.5	156	156	156	24336
493	アルセウス (かくとう)	Arceus (Fighting)	FIGHTING		237	238	238	2450	21.5	156	156	156	24336
493	アルセウス (ドラゴン)	Arceus (Dragon)	DRAGON		237	238	238	2450	21.5	156	156	156	24336
493	アルセウス (みず)	Arceus (Water)	WATER		237	238	238	2450	21.5	156	156	156	24336
493	アルセウス (いわ)	Arceus (Rock)	ROCK		237	238	238	2450	21.5	156	156	156	24336
493	アルセウス (ひこう)	Arceus (Flying)	FLYING		237	238	238	2450	21.5	156	156	156	24336
493	アルセウス (ほのお)	Arceus (Fire)	FIRE		237	238	238	2450	21.5	156	156	156	24336
808	メルタン	Meltan	STEEL		130	118	99	1068	40	114	105	90	10260
809	メルメタル	Melmetal	STEEL		264	226	190	2468	24	182	157	134	24388
