1,163
1,164
1,165
1,897
2,166
2,167
2,168
3,169
3,170
3,171
3,950
4,172
4,173
4,174
4,896
5,175
5,176
5,177
6,178
6,179
6,180
6,951
7,181
7,182
7,183
7,895
8,184
8,185
8,186
9,187
9,188
9,189
9,952
10,null
11,null
12,null
13,616
13,617
13,618
14,619
14,620
14,621
15,622
15,623
15,624
16,null
17,null
18,null
19,45
19,46
19,153
19,154
20,47
20,48
20,155
20,156
21,null
22,null
23,697
23,699
23,698
24,700
24,702
24,701
25,598
25,894
25,949
26,49
26,50
27,51
27,52
27,674
27,673
28,53
28,54
28,676
28,675
29,null
30,null
31,null
32,null
33,null
34,null
35,null
36,null
37,55
37,56
37,725
37,726
38,57
38,58
38,727
38,728
39,null
40,null
41,157
41,158
41,159
42,160
42,161
42,162
43,265
43,266
43,267
44,268
44,269
44,270
45,271
45,272
45,273
46,null
47,null
48,259
48,260
48,261
49,262
49,263
49,264
50,59
50,60
50,843
50,842
51,61
51,62
51,845
51,844
52,63
52,64
52,710
52,709
53,65
53,66
53,712
53,711
54,286
54,287
54,288
55,289
55,290
55,291
56,null
57,null
58,280
58,281
58,282
59,283
59,284
59,285
60,235
60,236
60,237
61,238
61,239
61,240
62,241
62,242
62,243
63,304
63,305
63,306
64,307
64,308
64,309
65,310
65,311
65,312
66,null
67,null
68,null
69,664
69,666
69,665
70,667
70,669
70,668
71,670
71,672
71,671
72,null
73,null
74,67
74,68
74,883
74,882
75,69
75,70
75,885
75,884
76,71
76,72
76,887
76,886
77,null
78,null
79,null
80,null
81,655
81,657
81,656
82,658
82,660
82,659
83,null
84,null
85,null
86,null
87,null
88,73
88,74
88,220
88,221
89,75
89,76
89,222
89,223
90,876
90,878
90,877
91,879
91,881
91,880
92,null
93,null
94,null
95,902
95,904
95,903
96,214
96,215
96,216
97,217
97,218
97,219
98,870
98,872
98,871
99,873
99,875
99,874
100,null
101,null
102,729
102,730
102,731
103,77
103,78
103,732
103,733
104,224
104,225
104,226
105,79
105,80
105,227
105,228
106,713
106,715
106,714
107,277
107,278
107,279
108,null
109,703
109,705
109,704
110,706
110,944
110,708
110,707
111,846
111,848
111,847
112,849
112,851
112,850
113,null
114,null
115,839
115,841
115,840
116,null
117,null
118,null
119,null
120,null
121,null
122,null
123,247
123,248
123,249
124,null
125,640
125,641
125,642
126,634
126,635
126,636
127,898
127,899
127,900
128,null
129,253
129,254
129,255
130,256
130,257
130,258
131,322
131,323
131,324
132,null
133,null
134,null
135,null
136,null
137,677
137,679
137,678
138,740
138,741
138,742
139,743
139,744
139,745
140,null
141,null
142,null
143,199
143,200
143,201
144,716
144,718
144,717
145,773
145,774
145,775
146,836
146,837
146,838
147,190
147,191
147,192
148,193
148,194
148,195
149,196
149,197
149,198
150,135
150,133
151,null
152,null
153,null
154,null
155,null
156,null
157,null
158,null
159,null
160,null
161,null
162,null
163,null
164,null
165,null
166,null
167,null
168,null
169,202
169,203
169,204
170,null
171,null
172,null
173,null
174,null
175,null
176,null
177,null
178,null
179,646
179,647
179,648
180,649
180,650
180,651
181,652
181,653
181,654
182,274
182,275
182,276
183,null
184,null
185,null
186,244
186,245
186,246
187,null
188,null
189,null
190,null
191,null
192,null
193,null
194,null
195,null
196,null
197,null
198,855
198,857
198,856
199,null
200,719
200,720
200,721
201,null
202,602
202,687
202,686
203,null
204,null
205,null
206,null
207,null
208,905
208,907
208,906
209,null
210,null
211,null
212,250
212,251
212,252
213,null
214,null
215,797
215,799
215,798
216,null
217,null
218,null
219,null
220,null
221,null
222,null
223,null
224,null
225,938
225,940
225,939
226,null
227,null
228,229
228,230
228,231
229,232
229,233
229,234
230,null
231,null
232,null
233,680
233,682
233,681
234,941
234,943
234,942
235,null
236,null
237,null
238,null
239,null
240,null
241,null
242,null
243,1331
243,1332
243,1333
244,1334
244,1335
244,1336
245,1337
245,1338
245,1339
246,313
246,314
246,315
247,316
247,317
247,318
248,319
248,320
248,321
249,null
250,null
251,null
252,null
253,null
254,null
255,null
256,null
257,null
258,205
258,206
258,207
259,208
259,209
259,210
260,211
260,212
260,213
261,null
262,null
263,945
263,946
264,947
264,948
265,null
266,null
267,null
268,null
269,null
270,null
271,null
272,null
273,625
273,626
273,627
274,628
274,629
274,630
275,631
275,632
275,633
276,null
277,null
278,null
279,null
280,292
280,293
280,294
281,295
281,296
281,297
282,298
282,299
282,300
283,null
284,null
285,null
286,null
287,null
288,null
289,null
290,null
291,null
292,null
293,null
294,null
295,null
296,null
297,null
298,null
299,null
300,null
301,null
302,923
302,924
302,925
303,833
303,834
303,835
304,null
305,null
306,null
307,null
308,null
309,null
310,null
311,null
312,null
313,null
314,null
315,null
316,null
317,null
318,734
318,735
318,736
319,737
319,738
319,739
320,null
321,null
322,null
323,null
324,null
325,null
326,null
327,null
328,746
328,747
328,748
329,749
329,750
329,751
330,752
330,753
330,754
331,610
331,611
331,612
332,613
332,614
332,615
333,null
334,null
335,null
336,null
337,null
338,null
339,null
340,null
341,null
342,null
343,null
344,null
345,null
346,null
347,null
348,null
349,null
350,null
351,29
351,30
351,31
351,32
352,null
353,908
353,909
353,910
354,911
354,912
354,913
355,914
355,915
355,916
356,917
356,918
356,919
357,null
358,null
359,830
359,832
359,831
360,null
361,null
362,null
363,null
364,null
365,null
366,null
367,null
368,null
369,null
370,null
371,755
371,757
371,756
372,758
372,760
372,759
373,761
373,763
373,762
374,764
374,765
374,766
375,767
375,768
375,769
376,770
376,771
376,772
377,null
378,null
379,null
380,null
381,null
382,null
383,null
384,null
385,null
386,33
386,34
386,35
386,36
387,688
387,689
387,690
388,691
388,692
388,693
389,694
389,695
389,696
390,818
390,820
390,819
391,821
391,823
391,822
392,824
392,826
392,825
393,null
394,null
395,null
396,null
397,null
398,null
399,null
400,null
401,null
402,null
403,null
404,null
405,null
406,null
407,null
408,null
409,null
410,null
411,null
412,118
412,119
412,120
413,87
413,88
413,89
414,null
415,null
416,null
417,null
418,null
419,null
420,null
421,94
421,95
422,96
422,97
423,98
423,99
424,null
425,null
426,null
427,null
428,null
429,722
429,723
429,724
430,858
430,860
430,859
431,null
432,null
433,null
434,null
435,null
436,null
437,null
438,null
439,null
440,null
441,null
442,null
443,861
443,863
443,862
444,864
444,866
444,865
445,867
445,869
445,868
446,null
447,null
448,null
449,888
449,890
449,889
450,891
450,893
450,892
451,null
452,null
453,null
454,null
455,null
456,null
457,null
458,null
459,932
459,934
459,933
460,935
460,937
460,936
461,800
461,802
461,801
462,661
462,663
462,662
463,null
464,852
464,854
464,853
465,null
466,643
466,644
466,645
467,637
467,638
467,639
468,null
469,null
470,null
471,null
472,null
473,null
474,683
474,685
474,684
475,301
475,302
475,303
476,null
477,920
477,921
477,922
478,null
479,81
479,86
479,85
479,82
479,83
479,84
480,null
481,null
482,null
483,null
484,null
485,null
486,null
487,90
487,91
488,null
489,null
490,null
491,null
492,93
492,92
493,100
493,101
493,102
493,103
493,104
493,105
493,106
493,107
493,108
493,109
493,110
493,111
493,112
493,113
493,114
493,115
493,116
493,117
494,null
495,null
496,null
497,null
498,null
499,null
500,null
501,null
502,null
503,null
504,null
505,null
506,null
507,null
508,null
509,null
510,null
511,null
512,null
513,null
514,null
515,null
516,null
517,null
518,null
519,null
520,null
521,null
522,null
523,null
524,null
525,null
526,null
527,null
528,null
529,null
530,null
531,null
532,null
533,null
534,null
535,null
536,null
537,null
538,null
539,null
540,null
541,null
542,null
543,null
544,null
545,null
546,null
547,null
548,null
549,null
550,136
550,137
551,null
552,null
553,null
554,null
555,138
555,139
556,null
557,null
558,null
559,null
560,null
561,null
562,null
563,null
564,null
565,null
566,null
567,null
568,null
569,null
570,null
571,null
572,null
573,null
574,null
575,null
576,null
577,null
578,null
579,null
580,null
581,null
582,null
583,null
584,null
585,585
585,586
585,587
585,588
586,589
586,590
586,591
586,592
587,null
588,null
589,null
590,null
591,null
592,2168
592,2330
593,2171
593,2331
594,null
595,null
596,null
597,null
598,null
599,null
600,null
601,null
602,null
603,null
604,null
605,null
606,null
607,null
608,null
609,null
610,null
611,null
612,null
613,null
614,null
615,null
616,null
617,null
618,null
619,null
620,null
621,null
622,null
623,null
624,null
625,null
626,null
627,null
628,null
629,null
630,null
631,null
632,null
633,null
634,null
635,null
636,null
637,null
638,null
639,null
640,null
641,140
641,141
642,142
642,143
643,null
644,null
645,144
645,145
646,146
646,148
646,147
647,149
647,150
648,151
648,152
649,594
649,597
649,593
649,595
649,596
808,null
809,null
